Product id,Product name,Category,Stock qty,Unit price
a4dc432f-707a-4325-881d-429833fe0eb9,Author,Clothing,217,132.69
f5e38340-203d-40a4-bc37-fb3e3ea1018c,Room,Books,252,253.59
83f67615-896a-4343-8d6b-b47fbd1ed76a,Indicate,Books,351,187.45
090f7500-e064-4532-8463-ba9a40e5759a,Hand,Sports,629,352.96
e2fd34d4-4bdd-401e-8dd4-185643f6945c,Body,Home,575,15.8
5ffa4bb2-a46c-4634-92f6-253114fdbb6f,Back,Sports,348,106.74
e1275b4f-0061-470c-bb10-0e0afba7dda2,Wrong,Books,217,258.65
57136542-764e-4f73-a8c9-4c1317390070,Voice,Sports,400,303.32
6ddf4cdd-b717-4717-85d0-566ce718eb7c,Cold,Home,965,387.65
04fbf5ab-248b-46f8-9af0-5e1d07aa208b,Nation,Electronics,738,449.58
eb4da9fe-9083-4bc9-b28a-09fc0561d4e7,Under,Books,741,145.66
6e38ce74-642f-4e0f-b34d-5edd76a866da,Race,Clothing,932,441.1
1bfbdc97-5ba8-4d52-9572-c43db7c7de49,Article,Clothing,781,129.21
ba773fee-a525-456b-b09b-325a0c3fcd69,Available,Books,476,306.36
40e7b3a3-fa49-4b2f-ba44-bf81c6ab308c,Practice,Home,248,303.15
b81c0409-f3a4-40bd-9e10-e8e33f2d2832,And,Home,600,213.65
0191290f-bd60-45c1-a8f1-6d9025a17932,Quite,Sports,485,200.52
bdd46487-bd28-4541-816e-643ff9b8c449,Institution,Books,588,31.42
c8f2bcce-8631-4ca5-b556-db372cb40944,Visit,Books,974,338.83
56b7721a-7c97-4610-9a41-b696703f279b,Carry,Home,945,177.26
82697b67-31f7-438f-82a7-9acee6286e1e,Total,Sports,125,247.16
29e61122-e074-4e0a-b34a-9efd77720ac1,Shake,Sports,867,14.62
25f70c0b-63d5-4cb2-9f66-f416f25adb3d,Together,Electronics,565,339.7
c1cd0587-620b-485d-afbf-e5bcd2f801f7,Tonight,Sports,371,202.21
6368fae7-75ef-4e09-b491-e675f8faf006,Notice,Clothing,261,413.04
182dd012-40d3-4881-9d94-ab158f96b6c5,Common,Sports,279,63.28
1e08dab7-1e34-4fbe-a8a1-6843d3891bfd,Baby,Clothing,323,340.22
39abdcd9-db5b-46cb-8385-b8c555945abd,Policy,Clothing,796,128.75
9a222528-ea7a-44aa-9e0b-8d0b66f3425c,Technology,Home,786,106.09
3e695034-4692-46d4-afc2-88d4c7396003,Allow,Electronics,287,97.56
36e787e1-2547-476c-90a4-63ce6c1d98de,Many,Electronics,53,401.05
6c799bfa-711e-4d0f-bc3e-935c160235f8,Amount,Home,340,310.16
eaa193b7-e8c3-43dc-a5e0-5a56f9ff071c,Speak,Books,132,208.64
3157395f-9bdd-4790-a886-932f81a4958c,Senior,Clothing,976,255.48
47d19be7-9e03-45ac-ae00-1523cd14f048,Day,Clothing,494,244.22
ba2ae1f9-b635-4d1a-88a8-fd5acf442099,Strong,Home,424,61.42
1d59520c-24fc-4b24-8f2c-4da85d077038,Trade,Sports,262,245.75
ecf1910f-cd30-4afb-b3f2-72e1e56fb936,Least,Clothing,708,287.73
381ca37d-a2a9-48ac-a8e9-25942a3e86b3,Speak,Home,668,40.02
a1644d84-d0be-4f6e-aca0-1ebb2eeb6014,Up,Home,482,71.86
f186665e-c416-400c-b444-395a09384e25,Water,Clothing,907,149.27
271f745e-8828-4399-abe0-0969e70a74c0,Stop,Books,985,75.82
4ee5de7a-5f7f-4a12-bb88-33215e0c8390,Find,Electronics,608,209.95
a8fc772a-454f-4fc8-b3e8-8b1aa574cc1a,Maintain,Clothing,214,121.26
6e7200eb-5eb2-4d61-8fec-5f8bb2c2ab76,Role,Books,272,413.91
dc46ce68-3c20-4cf9-8121-bbd70457ba2c,Whole,Books,225,90.94
aaab3919-360e-4385-b1ce-4d6e898fc69d,Thousand,Home,413,138.5
ecd2cd0f-bfbb-4b91-9970-e30fe4a3a116,Success,Clothing,662,429.53
f10ec112-cc91-4883-bba3-d3166142facc,Support,Books,691,160.83
a8e09a62-44e1-4597-8449-5d28a7317875,Month,Home,287,485.1
a425f08f-be12-4c6d-ad76-84f36e54d965,Physical,Home,255,14.09
c2077999-8487-415c-9e93-bcf2770368f5,Glass,Home,316,11.51
07b82034-8e43-4555-88d7-b30420124243,Fear,Books,499,262.32
c3e7ddc1-d322-4b19-b66d-6aadeac48f0d,Imagine,Clothing,499,179.33
cec066e0-d930-47bd-a8ca-4539951690f9,Big,Sports,278,43.97
9e89cf13-f08a-461d-a671-267dca35d76b,Win,Books,435,202.75
20d8aacc-d7a3-4c33-86c8-19c2457bc881,Administration,Books,697,128.2
2c639489-7d7f-42bd-bece-6681cb2bd42a,Occur,Sports,540,350.04
e934b276-93d7-4d1b-abd8-1ad5b0c6ad23,Product,Sports,350,264.8
2744d0b3-55e9-4ecc-95b1-363853fa1b87,Argue,Sports,151,373.27
d3ca273a-4655-4178-85ce-b855b85cc0bb,Also,Sports,297,40.65
e4e5031e-6da7-4440-89af-45d87df3c823,Spend,Electronics,717,401.95
dcebeafe-cae7-45ba-ab53-3df62aac40bb,Around,Books,449,19.43
9cb6adf3-41e7-4ff8-bbca-fa8613d1892d,Away,Sports,926,218.64
2c5cc031-6a17-453f-87ea-27f741d16a15,Usually,Electronics,736,114.29
3bea4e46-87ac-4d18-8027-b4920c0d6877,Occur,Home,613,67.67
2cf37520-b239-42e5-95c6-1205ffe7588a,Thought,Clothing,697,168.78
3a85ebd9-5a4f-4045-b7b4-85a9e6304474,Piece,Sports,472,385.09
5803fc42-cb6a-41f6-aded-db0d43885723,Blood,Books,599,84.52
1284b15c-6343-4316-93af-dac4572125ec,Economic,Home,199,151.01
bfd4256d-76a5-41b8-9f06-efe4c1420fb5,Fly,Electronics,306,366.63
a8128b34-7d32-41e4-804a-c618e64f92bc,Trial,Home,435,280.53
5c1ea9e2-f089-4bd6-9e13-70cb7a89635a,Beyond,Clothing,969,203.74
37740922-b671-4fcb-b7b1-3fad15dee099,Billion,Home,549,430.52
dd31cb78-ded4-466c-a2be-64b327e05ef1,Specific,Books,582,23.9
57ee3ab0-857d-4f85-942f-52c9a9124bfb,Much,Sports,778,498.55
27355c2c-3797-453d-8ebb-a35ec1bc7419,Doctor,Sports,65,384.63
8152cab4-435f-47af-957c-469950cf426e,American,Clothing,275,360.0
f53ebe06-d27f-484a-acde-8b818a084344,Become,Electronics,619,484.38
f6a3bdf9-1aa5-4212-a68e-ffe5b1fba243,Choose,Clothing,55,66.9
81254bee-60b1-480c-ae13-e1095f0142f7,Treat,Clothing,264,244.1
6797cb12-e1ff-487e-941c-38965a385a48,Carry,Clothing,421,344.73
8c120604-2cc3-4dc3-b512-605d21bdcc37,Identify,Clothing,302,342.93
78987072-b8cf-4e54-a565-a9b2b41a6ad6,East,Clothing,893,382.41
70eb1ffc-b64f-49cd-a451-c0b18f0f71c9,Environment,Clothing,195,488.42
76301455-7435-4dd2-aeab-b0656f3386d5,Firm,Electronics,541,80.58
1692fad6-8fd4-404a-844d-d02cc097342e,West,Books,66,298.25
03ea499b-75bd-4911-bfcb-e60821ac5628,That,Home,227,439.65
2f354804-d23f-4e6b-b072-c18f7f1b7550,Indicate,Clothing,560,157.21
53c22e09-b04d-4b0b-a112-c170aa6e57bc,Modern,Home,543,77.08
0a7154c5-4d72-4e52-a4e2-8b4912ba0894,Three,Electronics,398,418.54
62996088-151e-463d-bcc8-fa566b1a60dc,Foot,Sports,211,171.99
d5beadc4-9126-4eb4-bd83-367942f14c42,Century,Electronics,473,492.42
8aef3c36-d3cc-4d5b-b5bc-9f7e7e7fdb72,Response,Home,739,475.08
cedf612a-c6d8-4b95-a22a-a2531d80eb72,Early,Home,554,496.75
a72d619b-aee6-4f0c-b080-6cb6041630a9,Statement,Sports,989,329.96
77f7e236-0844-491c-89a4-4aae985f8ffe,Develop,Sports,963,173.94
5f030503-f2e6-4be9-808c-5bbc8c900196,History,Home,464,241.01
90fff3a5-2545-480f-ae56-e8f4441db1d8,Explain,Sports,389,328.72
f4ccad1b-0c96-4544-9661-6f6e4c3c7a53,Local,Clothing,635,238.19
1e911dee-245a-4311-a5d7-333be873171f,Chair,Books,427,299.65
86c6fd22-122c-4e6a-a4a2-0fe4065654b6,Direction,Sports,806,249.44
efda42d6-f892-4236-9b89-94c119af297b,Official,Books,114,50.42
11247391-05d6-4423-93dc-01d9260d6c87,Experience,Sports,621,170.96
b56140b9-158d-43d2-b857-e623bddb1d5d,Forward,Electronics,315,25.25
c4d65b00-a198-4b4a-a1e2-690303ad2da5,Yard,Clothing,288,299.57
0f2f42e2-c1c6-48d9-8db2-e52d2bc6c0ee,Better,Home,360,498.19
1dc81ddd-b3ce-452b-ad2b-0c984d7c4ed3,Citizen,Sports,247,57.01
3026a829-ea85-4cc6-861d-ba62e1bc7a28,Teacher,Home,258,406.7
971eee69-4c26-44bb-983f-2b33304e7ace,Camera,Books,179,167.33
dcf45fd6-63f9-4c6e-b101-0053476229aa,Apply,Clothing,341,130.18
576f5a2b-2ac5-4641-80f5-4fccb3e29a28,School,Clothing,140,468.89
91b478ec-702b-4a0b-aacd-5d2b4660125c,Able,Sports,391,252.62
34898ab4-6121-4807-841c-df53c9d3181a,Paper,Electronics,977,123.67
baed93b6-f592-4a8f-853e-2a8ab92dd143,Site,Home,897,99.86
a27d6287-1461-4347-bece-fb20ff10411b,Culture,Home,89,372.53
fd97e684-ce86-47df-900a-08efdb1666d6,Possible,Home,85,484.53
adca41e5-05a7-4995-9507-6feea74c6c44,Light,Electronics,819,451.33
3214bf2b-990a-419c-aae9-f22a6eac746a,Piece,Home,868,486.57
39981036-f251-42bc-9eba-91c6b91d50fa,Listen,Sports,148,342.99
17a2bddf-8589-4045-ad64-f6d5f754e8f9,Poor,Sports,239,28.4
fbec74a5-7930-4bd3-8840-ad64244374ea,Place,Home,154,96.71
6992c618-b06b-4aa9-86b0-357a5cf78e1b,Protect,Electronics,104,15.77
0534e004-6e81-4936-8900-9a1fea081dac,Think,Clothing,428,189.0
c8f45484-283c-4708-b1e8-d1926d3263c2,Apply,Sports,579,55.85
b186f6d3-b39b-400f-8b37-17860401b023,Them,Sports,296,86.97
2e032004-31c5-416e-a6d0-1b673402cb32,Let,Home,758,19.89
885ec93e-eacd-4481-9c74-168025eb37ca,Truth,Clothing,714,108.86
eceaff11-70a8-4522-8457-d9f5167f7d0f,Live,Books,547,209.92
53fde6e8-60a3-4382-8d21-a066d9e8a891,Different,Books,998,132.25
121cd8ec-2cbc-4fde-b02d-7cb133f8abbe,Mean,Electronics,160,296.17
651a08f6-c126-45a8-be9a-67c332de57af,Room,Clothing,439,55.39
66ce2176-19db-4f09-96e1-e8971b1ea3ed,While,Clothing,901,200.01
75f783c0-67ab-4068-811e-325dd86143c5,Job,Sports,741,432.73
6e17d346-6b54-4fa2-92a9-dfa677db8a39,Available,Clothing,641,465.21
e4c5fbb4-b0ff-4b2e-b26c-cbde413af5b4,Break,Clothing,630,309.71
a525e3ae-a659-4f29-8843-87f7426af084,Show,Electronics,907,183.4
f1724fce-7dcc-4fdf-aedd-c4f9cb129327,Child,Home,87,88.4
7b9e2173-75ed-4a0c-a3cb-c7013dacae8f,But,Home,79,354.26
1c544dff-4603-44ad-9562-f4f9fec46bf2,Focus,Home,464,77.28
4fcfcd46-66b3-4da7-81aa-2055603a20fc,Tell,Sports,37,438.14
54da6691-f327-4168-ba42-d5ffb73304f2,Claim,Clothing,53,33.33
867e89d9-31c8-482c-8f72-8f3f9101e2f1,Fill,Books,943,272.24
3353c398-b64a-48bf-8a64-bfed0898c0ec,Word,Electronics,133,10.96
38f3da39-58b7-4085-92eb-50c043f1dc95,Party,Sports,322,186.98
0f1c6c00-ade3-4037-a3d0-48b24df36f80,Tax,Electronics,936,208.67
d3ac6daf-e795-43e0-997b-60bf24c85920,Develop,Electronics,477,199.69
9bc06746-cf73-4b5a-9bc0-070c11810547,Her,Electronics,884,472.76
ecd6d7b9-7f32-4b2c-9c7b-9d5e50f5678d,What,Home,13,162.24
a61558a4-ae4f-4306-9d9e-04273f6b8e02,Billion,Home,924,253.7
809aff06-cddc-4a3d-b73f-73fcfd729606,Not,Sports,223,123.27
911e4070-e275-41cf-ad49-523bd6e64683,Person,Clothing,775,234.42
3e861b35-fab8-4e63-b409-bc9ef3be0875,Tonight,Home,765,302.43
fc8aad73-61a8-4cc8-93ee-a8526aba6b09,Cost,Home,632,128.83
1a497ad8-9713-49f0-af73-8acc5418bfb0,Perform,Home,464,183.94
749db191-d9a9-4331-8013-853bc7d22147,Contain,Electronics,255,99.59
cabf44f7-efbc-4acb-a8d2-d2419e1ae8ff,American,Sports,909,115.09
437a10ab-3ace-47e5-8f81-e03b12bf1d71,Cover,Electronics,268,430.8
3c3a0f46-5f95-4802-b73d-e3e2baa682b7,Image,Clothing,987,381.85
7ee1e5e5-200a-4f0a-876d-bed540f5fa16,Wind,Home,22,321.43
658be061-c797-4d81-9caf-56003df3824a,Win,Sports,213,471.11
f0014562-d20f-4644-9647-203eb795ac15,Sense,Clothing,357,491.29
2db0fb65-c994-4853-bf0a-d72d1384b134,Claim,Electronics,484,388.35
012bcd52-10d8-4995-b551-248c7bde4be6,Opportunity,Electronics,530,69.79
3866f1e7-19cf-4f89-a0a3-88195a48a385,Sort,Electronics,909,27.23
fb3c3a44-5651-4bf7-863e-ec851e57b860,Wall,Home,419,61.37
77bf916c-d081-4f58-9e6a-92d54eb761be,American,Clothing,518,245.82
d28517ad-383b-45d1-ae7f-2d8d9e695647,Teach,Electronics,556,331.78
621b30b8-eaa7-4564-a317-95e920e46f38,Direction,Home,535,438.69
4a4ff1ee-b35b-442e-9044-c1c866981149,Field,Books,729,400.41
90971491-be26-4d52-9787-a779b08513b4,Drop,Electronics,224,224.3
f894ec57-933f-480c-a8c0-ebb8d7550863,Collection,Clothing,876,150.84
78a11ae8-80e7-4654-84f7-266e5d972920,Staff,Clothing,319,219.04
0191a9ce-618c-4db2-8050-69af0dbbe9f8,Especially,Books,710,31.92
68048d0a-7efa-4b99-b4b5-db051ecbe3e5,Issue,Books,866,185.2
d2b3d192-30ba-419b-9de6-617d4337d497,Capital,Home,595,61.0
fd7884bc-449b-4fc8-b6cb-85aab91254df,Authority,Clothing,998,163.86
1e21942e-0410-4517-a6c6-ee5d6f30a697,Blood,Home,710,338.76
409be3e4-ae4d-4bbf-918b-a21e61b54277,Between,Clothing,23,249.95
d4cb7900-6841-4196-9e83-0cbc2789d6dd,Move,Sports,432,328.68
8f5959c8-3fa5-42fe-9525-7fafe46e10ac,Bit,Electronics,711,262.24
c1927308-ac59-47aa-83d2-9ce96b9b507f,Today,Sports,398,404.61
f1e6a9a7-0fad-4a83-a2cf-3483f2b0755b,Treatment,Home,91,20.69
91af1a62-b20a-429f-83dd-50a63fa62561,Guy,Sports,392,404.69
18da8700-4960-45e8-825f-3cbf73642d09,Into,Home,178,221.84
d3ea3fbd-ff22-48fd-bf65-89695b8013db,Center,Clothing,540,68.12
7f75bca1-5328-47f1-8710-6d79620ac19f,Behind,Sports,720,74.43
066c6bbb-e831-4f15-aaab-0eff86c413e2,Onto,Electronics,995,293.82
6ec5bd29-3e3d-4f70-a36b-7d84b3a4c1d2,Unit,Sports,181,294.43
f4559d47-fe32-4805-bf7c-97d3d7de0096,Daughter,Clothing,488,349.5
54ee0e19-3bfe-44c2-a703-08549be3de3a,End,Books,685,15.16
a1aad725-8ce4-4083-b513-85b8915439a8,Project,Home,775,54.24
28641371-bba2-4709-aee5-89650bb8d25a,Political,Electronics,381,409.74
63352779-70b4-4a5a-9701-8f2d41aa628a,Democratic,Books,909,87.03
28a5a2d3-f08d-40c5-aef9-1a916c4dcf43,Loss,Electronics,121,150.58
261a4330-e786-4492-ab30-485be7ffa005,Enter,Books,589,372.79
5efa9c04-3758-47e3-a217-08253b10ed80,Poor,Clothing,602,271.45
21de9ac9-0969-432a-8adb-d2b462e1a046,Drug,Electronics,403,372.46
e2d2fd66-0ff2-467a-b113-8e438e737b9b,Child,Electronics,490,110.22
3928fee3-4e90-4561-9aa1-a17b7e9ea8b4,So,Sports,886,240.47
00f3a8c0-052a-4b34-b50f-8101a78c8eaf,Small,Clothing,543,55.96
75667b13-0be1-4348-b28b-e7b2dcab1e16,Gas,Home,976,438.85
aee96f7e-2aa5-4077-9aa0-ae2d1bb21364,Series,Sports,511,26.89
7ea54ac0-aa29-4413-9f12-0f77dda75fe1,Rock,Sports,452,16.98
e459ae3a-95e1-4e26-aecf-826fe4d69bb6,Democrat,Electronics,157,321.85
d545e9f1-1355-41bd-acbc-411156090d5f,Fill,Home,769,196.53
02e1ab71-1644-49f3-86ee-f09ab869ee44,Series,Electronics,760,139.97
9f2c4012-2890-40c1-afad-8296a70e2a92,Visit,Clothing,57,435.17
2cc90876-9d29-4259-9342-5ae93c96da94,Sure,Books,336,419.66
203b9b3e-f2cb-42ba-8e00-15acb6fd8771,Meet,Books,325,307.47
28dcfebb-0961-4be8-ad04-c35bd7de1b52,Site,Clothing,233,292.24
9fb88e72-2484-483a-a5a1-ad8371695afa,Know,Clothing,710,254.71
c190e124-67a5-48a2-b429-85357c71b21b,Whom,Clothing,866,482.11
03a7c877-fd08-4292-9f56-edc9f76ba5b6,Anything,Home,42,468.61
d752377f-369e-450f-b679-8cf66635f287,Relationship,Books,975,156.02
ff475ee5-87e2-4581-aaa9-b05f77e0177f,Perform,Clothing,770,365.27
eee728e0-7eb4-4c14-bdb6-4c1ad961b445,Everyone,Books,891,220.15
c84a47a3-7535-45d4-9ede-c4071984b053,Consumer,Sports,962,158.31
706a3b63-d960-4591-9094-cda3c9b92199,Nice,Clothing,630,94.88
e4a33c00-383c-4ee9-95f5-18cbbecd5d2f,Off,Sports,689,474.62
50ce9cd7-f77e-4cd4-962d-db75a93501d3,General,Home,31,6.65
84685196-b63e-4f2f-b6c8-6bb892744221,Politics,Books,163,473.01
5f89270d-61d2-46f1-9707-1457abc76c08,Military,Electronics,86,406.5
d1953618-1ac9-448d-ae6b-8e09550c3867,Chance,Sports,824,433.91
077df7cc-91e9-479e-9a98-30a6c3631638,Half,Home,414,104.11
a39266b9-9d54-48d5-8a4a-147593234733,Force,Sports,432,301.61
c0ce66b8-6804-4d79-9a2f-4c3bc16ca8d0,Street,Electronics,506,408.72
8a37ddc7-6c3a-4722-8a1d-0f088ccd3f67,Final,Electronics,819,254.22
a3b11dde-ba8f-4faa-bbe9-398a0c9fc581,Plan,Sports,911,371.86
3d4bae00-11e9-4a4c-99b2-54ea6fa05092,Act,Sports,602,362.84
27bf90a7-caa9-4d53-8e6d-b7af5407b2fd,Authority,Clothing,958,192.87
3cbcf4ce-0ab6-478a-9595-dfe68fddf3f7,Citizen,Books,539,205.32
5bf0f209-e811-4d8a-b6ef-a86236b8629b,As,Sports,199,378.92
b6ca04c3-94cc-46e8-a927-fe52831cf8bc,Despite,Electronics,495,56.07
51687157-7099-4b2d-afa0-c4d1d57c8768,Practice,Electronics,777,311.58
40dbdd1b-8fe9-4119-a143-9ee1f93dda90,Probably,Sports,185,329.26
02113ed0-84b5-4445-9611-b612378e27b0,Shoulder,Home,428,9.13
e779856b-774f-4376-82da-05e1539ae1c1,Yes,Home,604,225.48
3a86c5f7-ab1b-4b2a-985b-005a4dd5d5a4,Street,Home,605,171.26
6cf99833-2222-4a35-9623-0513eeaa1266,Recent,Sports,717,441.19
a043b30c-c32b-4ea0-8777-9d2640eed5f8,Leave,Books,122,474.18
c18442d6-6773-4d0f-bd27-9d56b15e6111,Trouble,Books,596,135.39
ea9efc5b-91ca-4945-ac3a-4d6d732e3724,Police,Home,435,486.92
74aebfb3-e99d-40a2-b783-c164d4a414a0,Become,Sports,473,263.92
36cf6292-b9c6-45f5-8fad-e2808144360d,Allow,Clothing,343,423.19
e6d2d301-018a-47c6-a6a8-e39096c2b43d,Loss,Sports,792,48.17
4e2f078d-fc61-4026-ae60-2316d7b1d898,Month,Books,357,462.15
90dc7f7c-8166-4ba5-99bd-d96f4fc9cc9d,Conference,Clothing,100,338.95
d681cb6b-a220-461b-b15f-2a9acb4452e1,Write,Home,610,393.91
6a83cf80-68b8-4d40-8bc1-2a8c0d9019b9,Specific,Clothing,461,118.34
e8604ad7-6c70-4def-a80d-34ec6c053589,Find,Sports,927,383.8
4e5a06d8-5db2-4af7-82fc-0e0a0a4bd33f,Compare,Electronics,283,388.28
dfb33c38-ee3b-4e1d-a020-14f4f30eb6be,Wait,Electronics,696,29.32
90a25979-6f93-49ff-9728-ed1e5db1a28a,Stock,Clothing,593,85.77
e3edd41b-1f6d-4a28-9119-ed503a58d764,Both,Electronics,130,37.96
8deab761-340b-4d8d-b4be-169033dbeb43,Eye,Home,514,256.88
056fe446-46bd-49ea-adc9-9c3d75813e14,Third,Home,38,363.71
46653e64-d74e-47a6-bcb9-c529a2786bf3,Side,Home,849,170.93
b7a5cbe3-6919-489c-86f9-e7ce03a0df60,Keep,Electronics,376,127.24
189adf7b-bcc8-4153-bd0c-07ff7798333d,President,Home,159,17.26
b8dc9eda-d32f-4f12-a7fb-e87f4fc6f2d9,Course,Home,784,383.0
3e9a82fd-342a-4735-ae0c-404b53fae15f,Morning,Books,154,109.93
156b5f8b-18c5-470c-8693-8dd12e52ff83,Produce,Home,982,379.16
b60eeb78-ca66-4dc7-9682-74677418f607,Cut,Sports,376,496.36
089b2cf0-8c9f-4eee-a61c-94d8ec37e38b,Through,Home,331,161.62
c68a9bd5-868d-4eb0-a661-0e9b4e45437f,Line,Home,644,381.97
0abb4363-1d33-48c9-9b3b-5e8e77d68110,Raise,Clothing,119,31.38
7a6828d8-4752-4be9-a48a-37a3ff481470,Establish,Clothing,716,294.56
0e532224-afcf-4926-b4ae-6a39a0e37b1f,Sign,Books,155,35.29
a858d8b7-1516-4707-b2c3-c155bc87007d,Pretty,Sports,994,424.16
635d0c3b-1d75-454c-b229-826f91f54f8a,Health,Clothing,210,456.24
f538ee49-477a-4279-adf3-cd3b485d38bf,Care,Books,249,265.01
812d1014-9781-452d-b87c-25d92690712e,Pay,Books,664,146.57
b27f2844-e5f5-4aaf-a3d0-3a330a59083f,Although,Home,383,31.87
62976c05-5786-454e-aaea-5105c033c6bd,Pass,Books,527,469.66
dbc9b2b1-5d3f-4e57-b86a-cac79461afaa,Local,Home,667,171.98
77652173-6485-4dd2-ae1e-ff7b6cd3e40d,Thousand,Home,826,77.86
cce4d096-646f-4150-b08b-8a26c522dd0c,Military,Sports,55,319.44
738a000c-d489-43d9-9658-ede6977a8976,Investment,Home,317,368.76
297e3abc-d3ac-41a9-a268-d79df1f84c07,Strong,Home,480,268.57
57845619-d34c-4cfb-be94-72d9940a4b2c,He,Electronics,186,71.15
9dd62b17-9978-4194-a611-711d0b440bfd,Clear,Clothing,175,156.41
60b0e6b6-0920-48d7-8e5e-5211a7d9d7f1,Dream,Sports,159,129.42
67c348a5-d7dc-4be1-9d3c-b3aec2afd2dc,Energy,Books,439,77.62
aa21bb9b-b9a2-4bf7-90c3-e9d1aa23063e,Support,Home,585,348.71
bae3b32b-852a-48b3-b22c-a8d7b4188a61,Other,Books,42,17.78
6efed5cf-2b27-4d6e-8883-d22e59572d47,So,Sports,770,75.2
2ebac1bb-1b19-4e1f-878a-dcabaaab8bec,Coach,Clothing,575,386.9
912a7198-8f70-451f-960b-0c932c19939b,Provide,Electronics,494,94.39
6fa78cfc-e68c-4f48-b00e-bfcc9eac87ff,Happen,Clothing,858,237.37
2cba622d-3784-4578-842b-6daae2d7a561,Grow,Clothing,697,31.35
af626fc1-4c8c-4365-834a-e811ddb7fab6,Different,Sports,653,49.51
64cf3b51-6685-4d76-b727-8cfcdf3cc704,Majority,Electronics,804,103.07
06c2082c-8244-438c-ae52-27aac40c3cb2,Green,Clothing,130,194.34
7dffc34f-e009-4e7d-b8e4-66e74ee985d4,Low,Sports,653,341.9
0b490be7-9559-46bc-913c-7b3c7aedf52e,See,Books,338,400.22
092fcbde-1b81-47f7-a21c-5db6c5bcc162,Rock,Electronics,162,49.96
39c2ac2e-4e48-4dd4-be8d-ea102a225f4d,Case,Home,471,306.59
c2b59fee-5458-4202-805d-d622755ce1f9,May,Books,803,67.84
01e12acc-db84-46bb-b17e-a2be93276110,Girl,Home,966,164.77
cb8d7288-ea76-4347-a5c9-0daa41b5bf1d,True,Sports,393,90.43
3c6d6756-69a5-4622-bb63-9c728a833f21,Book,Books,901,282.01
87b7f083-4980-403e-a44b-32f4a23ab4cd,Citizen,Clothing,216,490.16
5c971d92-37aa-44b7-ac94-349106bd54df,Nearly,Clothing,19,406.9
fd65eb85-c5a3-482c-94d0-b9f1642a232a,One,Electronics,840,484.82
85cf3b83-c614-4ad7-b580-b2f998105169,Room,Electronics,801,496.08
d73dbb13-a7e3-4e01-b33c-878444988a83,Which,Electronics,893,490.97
53f72ed4-81b5-4a30-b114-829fe63416df,Factor,Home,398,312.73
68aae144-be3b-40c3-bfe7-9344557a636c,Government,Sports,328,58.73
aceae607-d5d5-4680-b828-6401645d6bff,Huge,Home,559,122.6
a1c22052-9ddc-4483-8732-1d84eaaa9bbf,Human,Sports,53,67.71
8678ddd7-c3f4-47c6-b242-5a476472921c,Free,Books,565,295.28
8321fad3-3e21-44bf-aefc-52a219efa9f7,Air,Electronics,500,165.54
0a53c73f-be4f-47f4-b32d-b5a5275503b7,Interest,Sports,645,204.52
d62fe29f-d7f0-4a25-ac48-821d90042850,Part,Electronics,698,138.54
d88e93e3-3265-47b4-868c-60fd7024547e,Here,Sports,940,427.39
178f8d7a-93b5-41f1-a91f-965d3b0c1363,Carry,Clothing,206,466.96
eb35c0c6-4f19-4253-b7d1-0e8ef0a6c3f6,Weight,Clothing,96,34.33
f43187d3-c9f5-422b-ac18-c4eb27c5fac7,Bring,Books,759,5.83
a341fc9a-9fd7-4ae1-b1c3-b35cee928a74,Million,Electronics,410,267.48
c19b6a5a-a365-4914-85d0-cb1eb4f845e8,It,Sports,797,237.31
ca4d2afd-2765-458a-8652-16e56866740a,Even,Sports,522,101.78
b5488950-9100-4dff-a444-2af77aad3acf,Without,Books,917,250.16
423a68ec-4bf0-43b7-8f76-c93ec55f13d7,Get,Sports,548,266.14
315b978f-3b3d-445b-a525-f09b263d45d1,Available,Clothing,16,260.6
227d2800-cdd9-4e38-8e6b-6c7abc078bf6,List,Clothing,402,366.26
aab76748-4531-43fe-9ee1-a8579d0bcaa2,Budget,Sports,712,241.35
a005accb-4063-414d-ae8f-c25af1418a71,Reduce,Books,590,217.71
2982a221-afcf-4fdd-91b0-7dbd1c54263b,Toward,Electronics,921,342.03
41d9dd34-bbb7-42e7-8c73-6d79cc2250d3,Experience,Books,507,266.55
7b5c1ecb-de92-4d73-9e69-5f9ba9b2fbbf,Cultural,Sports,344,341.36
fe8159d6-3633-4633-92f3-3ac0391faab3,Contain,Sports,636,69.12
3b35db99-38b0-4a57-bbb9-0901f3a9183b,Allow,Books,456,283.12
1a39960e-f6bb-441e-984e-896025f4ff77,Social,Home,76,258.98
34d123c3-b2f6-433a-8dc7-f76551e37442,Team,Books,593,193.36
ad20022a-5e39-41f9-b14d-c3a22709fc75,Financial,Home,180,304.94
5bee0c90-248d-414f-a009-560b0a997152,Go,Books,36,443.61
a5f48c23-08dc-4979-a7d8-a7c9b755f6ae,Democrat,Home,603,299.89
a5b8e22d-0df0-4071-9f0b-f1f52bf8d07f,House,Sports,976,456.8
1a218817-25f5-48a3-848a-e9f3aebcfe41,Our,Home,618,404.64
582881a8-a3dc-41f0-8140-d99ea9911091,Offer,Sports,285,332.13
73b2b245-8690-419d-8a09-748ea46513a0,Wear,Electronics,639,26.55
cb692421-0fe3-479c-bd75-7eb0210c5a48,Community,Electronics,565,107.67
ca1f899c-e5da-4a16-8ab4-d68f01dc8a5a,Write,Sports,125,454.22
b466d774-53c4-49a8-924a-f1f40b75c5f2,Method,Electronics,954,72.07
3e00b67c-42f3-448e-8fc9-aeb5dc9e5330,Dream,Electronics,994,74.32
c152fe3e-f312-4ec0-9e53-bc68c1ad9b27,Single,Sports,720,117.62
66f14474-888c-4547-87b2-0c28063d9451,Where,Clothing,511,427.54
83de0405-c25a-403b-8c58-8aa956251924,Stuff,Electronics,574,319.14
c3811630-ab6a-4a62-b12d-432e763badc4,Color,Clothing,1000,407.81
aa5fd9cd-07ce-4092-aa51-b67a2877cf74,Open,Clothing,498,13.78
175ccee0-a915-4eae-bb34-e2cb05015515,Almost,Electronics,684,311.69
4c04d7ba-b87d-4b3e-b36d-c222ad18392c,Set,Home,419,246.4
104f095c-1d15-4a0f-859e-3181d9164ebc,Capital,Clothing,778,494.0
1f781170-f667-49ae-bd78-225b326ae4a3,Window,Home,12,489.7
66c05ecf-d531-4a1b-a139-0578dd414e4c,Goal,Electronics,90,427.04
bbf08d5b-bf98-4965-b159-81fa178498e8,Education,Clothing,875,9.73
8e758191-0b79-4459-8fba-96ecbfad4ff2,Nor,Clothing,704,455.42
014b0855-b138-4761-afa8-274ed5a72788,Reach,Books,121,52.09
0389d15a-7a72-484f-b62d-2990a2b3d69a,Maybe,Sports,603,349.33
eb9e4ca0-a305-45a9-9305-9db3e0f3532f,Bit,Books,520,368.48
f3c66b7a-f95a-4993-928e-ea1a854e4840,Build,Sports,111,71.87
801c1b03-64b5-4679-894c-afb0375faa9e,Visit,Sports,318,358.48
9feb2e30-fc9f-4657-8e2f-bd096dd521c0,Next,Electronics,437,432.3
b7c06a6c-0105-4f83-83d2-d1a9c0a458e6,Out,Books,803,410.3
03196c3c-981b-48f0-99fc-3e36b1e6a2d2,Simple,Books,109,301.78
463e3bca-a485-4f5a-84c4-8755034bff1d,Present,Home,803,333.78
99aecf61-9209-4d6e-8545-4ba128a2e4d5,Past,Sports,661,438.04
f8f14486-9c80-43c9-b6d1-6fa3cc218400,Media,Sports,509,284.35
13a26ec6-4135-4b99-a3ab-19358ce0122b,On,Electronics,365,471.66
ae9f2375-9c85-4e56-a8aa-fe19efaeff78,Blue,Electronics,144,49.51
cfa19fd1-ba86-4166-839d-19425284a8dd,Color,Home,461,192.44
b8a26411-d361-4cf4-b93b-c8ffb10ddc2f,Always,Sports,920,270.61
2c1720e1-f181-4728-82b6-48f41df486bf,System,Home,450,199.56
628e77db-a094-4dd2-be16-22fdfdd8314f,Company,Home,781,103.0
417751c2-e1e0-4833-b225-8065940ac4fd,Animal,Clothing,10,305.26
25e77ff1-3d2a-433b-8a88-1ff3599253b7,Style,Clothing,643,412.55
5bae128d-1e8e-44d9-8d6d-868f277b1578,Task,Electronics,42,371.49
c6bf9f10-b6e8-4463-9c07-555046bb3edd,Deep,Sports,87,173.97
62569165-ef00-46f5-8339-25ae612268ee,Start,Electronics,172,414.7
0a50a3f7-4ae8-4511-ad35-5af4e832c3ef,Such,Electronics,336,258.62
d9fbde0c-7a15-4732-a732-c1d13e7609b5,Ten,Books,136,48.18
816a5690-ac7d-454c-93d7-ee074dd2e5cc,Similar,Clothing,713,165.56
cc589aad-a2c1-4f39-8538-49a35e13ba25,Whole,Sports,501,121.89
2d4d8609-9f91-4537-9133-5094fde8f472,Fast,Electronics,121,388.54
a8233264-3d54-4674-a444-77a40f1f8f9c,Perform,Books,384,292.52
d1fbd8e4-8533-45e3-9a7a-c46168ff6609,Newspaper,Books,71,22.42
d944c87f-b987-4e84-8e8f-476e28665ad0,Lot,Clothing,474,473.84
6f416ffc-b9f3-4279-8fdd-d746759f68fe,Situation,Electronics,288,476.29
9237a65c-e959-42b3-a825-ce160d592f3d,Citizen,Clothing,817,285.02
2d208cdd-1984-4527-8928-75f619b88ac1,Within,Electronics,70,424.6
7c10cb5a-0a80-46c8-91cd-af0c4b75dc98,Better,Sports,31,197.2
a32a9d24-97b8-43ef-ae73-675f1e8f9950,Mean,Books,471,432.17
b034d517-e155-4124-9ba9-409451b92d0c,Wind,Clothing,617,14.27
ee1684e2-bcd7-4f09-987f-19ee68ebfb6a,Red,Electronics,745,427.43
0b8c3065-20f5-43b8-9554-2a46a1f672c7,Little,Sports,313,257.35
5fe55a2f-3aa7-48b8-a605-72a3c8f71851,Deep,Clothing,743,270.87
d68e9664-b39f-4fde-a01e-e2e08bb9daa6,Personal,Electronics,279,329.24
377e0f50-b6ef-4825-9d0d-c1689c4387a4,White,Clothing,532,486.18
e7ec78b1-d33d-4231-9399-91e9c13fbee0,Fact,Books,259,319.55
1d021ca0-8365-415b-a135-02a6259d8879,Who,Books,31,485.14
fcee25df-1a90-44d3-9507-c78361f751cf,Deep,Books,195,93.49
b2b5c4df-5cde-4548-8684-878cc81d77ce,Doctor,Clothing,413,112.37
5014688a-5ae1-40fe-be91-4817d420d43d,Rule,Clothing,438,452.13
765ddc5d-f574-4a79-a87d-8bbb052b53e1,So,Books,435,451.79
9903214e-422f-46e9-9967-34c3b3b7146c,Similar,Clothing,514,114.09
205cb9a1-de57-4dab-bfb1-15a448df3eac,Find,Electronics,788,450.33
b73901e5-4a24-4fbd-b556-2b7029008cb4,So,Books,40,221.29
0d066711-873a-4a13-b2dc-7e551b13d1bc,Service,Sports,744,391.88
87eb9c33-75db-4325-b0f7-81981ffe906c,Star,Electronics,887,421.96
eb8db909-8f2c-45bd-bacd-71c08ef25718,Better,Electronics,455,56.55
4784a447-4a79-4afd-a99b-37d6e0578046,Home,Electronics,549,386.49
2fb1ce13-8cda-4387-b25c-0ea282acb7fa,Himself,Clothing,739,165.03
d87759c0-3ded-4662-9b9a-5c1fbc666676,Blue,Books,13,107.62
0092c421-89d7-43fc-9a16-e8a6f86d9168,Down,Home,789,383.77
557f06b4-37a1-4c01-9ee9-4eace6192c7c,Adult,Books,130,36.81
8901ae8a-2371-4d1b-9efc-ad8965d768a7,Medical,Home,374,5.9
de820178-1c25-4323-add7-66c24929e6dc,Decision,Books,747,192.95
3271be15-22c5-4612-9515-5f5e7a78035d,He,Clothing,392,333.47
5d05e037-11c7-40c8-b661-90e30afcee7f,Meeting,Clothing,184,388.95
bbe7d7c1-0e51-48b5-b5ed-ffe6325ea97a,Pay,Clothing,164,250.09
8286f938-5772-4abb-a61d-c50ca0b22a30,Debate,Books,400,376.65
2f025c17-adf5-4621-9796-10d8ff647ef9,Ask,Electronics,218,358.59
1c1229aa-91dd-40da-b31c-3fab9bb472c0,Tree,Books,496,86.62
cb729233-f23b-495c-a4c4-69be6ec63648,Look,Home,876,311.12
746dc433-485a-4cf5-97e3-90b0d023d9ad,Collection,Books,622,198.31
3c25a387-ac3d-4257-90bb-eab2f72b1f6e,Tonight,Sports,143,454.09
cba69250-daf5-4365-a96e-fe7632ba1a7e,Media,Home,733,328.69
70036178-f3fd-4860-ac6f-45fa4f4fab5c,Type,Clothing,559,63.67
37797b04-93e6-4d24-86ef-8cfe10252f52,Sit,Clothing,340,251.63
482120a1-6a6b-4667-8e83-697fe73c0189,Water,Clothing,210,306.85
725abbfc-551a-48df-8922-c27acd299c55,Individual,Home,966,174.31
142ff2b3-8d20-414b-90d6-d2c739383895,Exist,Home,637,58.73
1ecbb009-4753-4a02-a478-5cc37e6cf8c8,Democratic,Clothing,279,380.05
3f4324df-3c98-4cb7-bd96-8ba28577dcb1,Sea,Clothing,343,474.34
096b9922-ab7f-4198-a84e-81ebdec78eea,Low,Electronics,309,52.36
da9382d1-1b27-478c-8f94-b2c4f3f3876b,Central,Home,60,41.17
5a661b3b-5a79-494c-a304-b40fe29c2c5b,Station,Books,36,29.63
05ffee75-21ed-4bc4-9c55-036495f4b423,Book,Sports,458,147.14
16fd13c5-5a0e-4da3-91fc-80a78a419a52,Force,Clothing,677,67.31
39023a72-c7ab-4151-83d5-387336c3ebed,Kind,Clothing,161,497.18
9f72728e-91fa-432d-850d-8e656a082174,While,Electronics,892,167.08
9f43dac5-55e2-462c-8116-5b77fbfc99cd,Spring,Home,551,461.26
56f25932-5309-4812-a20e-e949ad1de75c,Standard,Books,542,32.75
3fec3f48-45a2-4466-92f0-4ab1281cae02,Drug,Books,865,498.51
ee3a7946-c3b8-4f41-9edd-f0078d1bc7d0,Let,Clothing,751,272.44
e62ad241-7fa0-4978-9b22-9b68e79a43a9,Fact,Books,911,375.52
a0bb8ece-f915-4f9c-a29b-d243db5715c8,System,Electronics,953,332.53
34380c2c-6120-40ee-be97-bc66dd7cc4b3,Once,Sports,349,410.62
53332a50-b863-4f71-b89f-0ce8a19d6f3b,Individual,Clothing,496,28.54
6d824aba-ce75-489f-b4ab-cfed2a239850,Fund,Electronics,182,246.41
a596ffd0-663a-4a7a-9b0b-8f8bc2a76421,Soon,Sports,259,436.97
f7576c1b-d513-4301-ade7-40fe29c19ef2,Treat,Home,879,104.42
50cb6ee4-ae7e-47af-8cc8-2b801e17c2be,Anyone,Electronics,336,306.79
3b6c58c3-93a6-404f-9d29-3fb0ed1d27fa,Another,Books,534,473.78
ff54ef8b-0426-4e95-8b71-0befc9309b57,Scientist,Sports,531,295.77
6de981ad-e4f5-45cb-ab7f-29058c410073,Serious,Sports,901,164.87
f9180915-3ea8-4465-acd5-74523d5ce469,Group,Clothing,837,51.31
f6578ee4-43c4-4b22-a10d-9e9bfc4ed4eb,Clear,Home,484,69.36
972804a6-7286-4901-bd8c-44f226f9fd49,Major,Sports,145,432.49
c6b5f4b9-72ab-4f4b-b91c-10ea1dfa17ef,House,Home,282,65.63
9c67ce43-4293-455f-9897-bd61122c43ea,Fight,Home,362,71.69
e314823e-2b8a-4f82-8eed-8f2c6b8b2d1d,Through,Electronics,722,339.92
f5fe595b-eea2-4a03-9fb2-25bc126d553e,Upon,Books,114,192.22
3b1d58cb-0b00-4f95-a39a-f334e92aef71,Every,Sports,780,244.62
3c817830-0343-4a17-b242-4ebe7c8a7805,Hospital,Electronics,694,300.02
4961637c-04c0-4068-8238-ba270f735514,Military,Clothing,334,391.63
b9acf5b7-560c-4d44-9882-470bc186a4f0,May,Sports,919,81.86
4b4c1833-d27a-48f5-ba36-96b50175896a,Ability,Electronics,653,242.5
3a7a7599-23df-4254-a389-f8e91c367d46,Alone,Books,46,65.48
1c38b186-c0d5-4162-b233-2e394d5ab9a1,Scene,Clothing,858,363.41
c9a54143-a5d2-4ad8-8359-00c0a90d914f,Miss,Electronics,868,129.5
46c49f05-f5a1-4bc6-8866-d47e37176b17,Radio,Sports,627,200.78
cb21a70c-23f9-49f1-b4f8-cd7382cfa2f1,Senior,Clothing,792,302.02
833ac4ac-ca42-49ae-9d0d-038b295fbc1f,Late,Electronics,320,489.74
3b7036be-d636-48e8-93a9-29c39b57e258,Fly,Home,758,290.32
f2345fe0-d7c8-47d3-90cb-7c6436fbfd70,Try,Electronics,289,20.87
1ce58e17-c58a-4ded-b12a-f0cb8850a771,Consumer,Home,95,434.03
127bf4fe-b8d5-4064-9b22-edf9f14680a9,Management,Clothing,788,110.58
eb620813-a752-4ffb-b775-a8e4c2ff6833,Watch,Sports,549,153.15
a508cb00-ee39-4c8c-8264-4c7ecdc0b875,Serve,Sports,955,403.17
bb2c4d9e-6cb6-4b04-a2b4-aa58ecc47107,Watch,Electronics,141,396.49
13b3d518-b51a-4e95-8201-cef3bad025cb,Couple,Electronics,896,325.62
7846849f-4ee8-4898-aa89-2610b4fda656,Rich,Home,392,314.03
ceaaee08-1ad5-426c-a964-c95f101f75cb,Energy,Sports,296,70.51
a8203d7a-bb9d-45be-9153-f307f542008a,Play,Home,605,479.16
d2b936db-e445-4f8c-83e7-84c6984eda5f,So,Clothing,874,167.03
a0d90101-a33c-44dd-ab32-0b677375fc3c,Other,Sports,912,491.71
1b259ede-92fd-4c7f-a491-570961972260,Adult,Clothing,662,277.72
25d687f2-77b4-475c-95d3-dfafdc900fe6,Organization,Books,520,241.85
3aae445c-45c4-4c71-b0eb-89ef3fb97870,Them,Electronics,881,407.2
4539b9a6-b406-4f76-ad66-0b7a75260a36,Deep,Sports,44,371.7
bda0d0cb-c1d1-4bb0-8a8d-519b6c402fac,Floor,Home,784,206.92
227a7162-009b-4635-aa0a-77e078980091,Level,Books,996,325.96
967472fd-33d8-4435-a390-fff046f38ee0,Wife,Books,652,290.96
f731d07d-643f-41c3-8972-448c4711a8d4,Hard,Books,88,256.45
2bdf7db6-322e-4ce9-830c-7be951804896,To,Clothing,380,333.51
d051d36e-20c6-465e-b568-0cf4fdc8a5f2,Control,Electronics,530,317.13
94be3b02-0935-45eb-a62d-20a3bb11ad1d,Dinner,Books,143,465.37
4ec655fd-d1b2-4034-bf20-986515342cee,Go,Home,610,344.08
